INSERT INTO LAWYER (FIRST_NAME, LAST_NAME, BILL_RATE, PAY_RATE) VALUES ('Mark', 'Smith', 50.00, 120000.00);
INSERT INTO LAWYER (FIRST_NAME, LAST_NAME, BILL_RATE, PAY_RATE) VALUES ('Terry', 'White', 55.00, 135000.00);
INSERT INTO LAWYER (FIRST_NAME, LAST_NAME, BILL_RATE, PAY_RATE) VALUES ('Jonathan', 'Murphy', 60.00, 150000.00);
INSERT INTO LAWYER (FIRST_NAME, LAST_NAME, BILL_RATE, PAY_RATE) VALUES ('Daniel', 'Jackson', 70.00, 200000.00);
INSERT INTO LAWYER (FIRST_NAME, LAST_NAME, BILL_RATE, PAY_RATE) VALUES ('Leonard', 'Black', 43.00, 125000.00);
INSERT INTO LAWYER (FIRST_NAME, LAST_NAME, BILL_RATE, PAY_RATE) VALUES ('Rachel', 'Light', 30.00, 100000.00); 
INSERT INTO LAWYER (FIRST_NAME, LAST_NAME, BILL_RATE, PAY_RATE) VALUES ('Micheal', 'Corelone', 55.00, 200000.00);
INSERT INTO LAWYER (FIRST_NAME, LAST_NAME, BILL_RATE, PAY_RATE) VALUES ('Sam', 'Pucket', 45.00, 135000.00);
INSERT INTO LAWYER (FIRST_NAME, LAST_NAME, BILL_RATE, PAY_RATE) VALUES ('Spencer', 'Shay', 60.00, 160000.00);  
INSERT INTO LAWYER (FIRST_NAME, LAST_NAME, BILL_RATE, PAY_RATE) VALUES ('Shinu', 'Takamura', 60.00, 150000.00);
INSERT INTO LAWYER (FIRST_NAME, LAST_NAME, BILL_RATE, PAY_RATE) VALUES ('Natalia', 'Sheldon', 45.00, 135000.00);
INSERT INTO LAWYER (FIRST_NAME, LAST_NAME, BILL_RATE, PAY_RATE) VALUES ('Daniel', 'Radcliffe', 50.00, 150000.00);
INSERT INTO LAWYER (FIRST_NAME, LAST_NAME, BILL_RATE, PAY_RATE) VALUES ('Ralph', 'London', 40.00, 120000.00);


INSERT INTO SPECIALTY (DESCRIPTION) VALUES ('Real Estate');
INSERT INTO SPECIALTY (DESCRIPTION) VALUES ('Divorce');
INSERT INTO SPECIALTY (DESCRIPTION) VALUES ('Antitrust Law'); 
INSERT INTO SPECIALTY (DESCRIPTION) VALUES ('Civil');
INSERT INTO SPECIALTY (DESCRIPTION) VALUES ('Family');
INSERT INTO SPECIALTY (DESCRIPTION) VALUES ('Injury'); 
INSERT INTO SPECIALTY (DESCRIPTION) VALUES ('Coporation');
INSERT INTO SPECIALTY (DESCRIPTION) VALUES ('Tech');
INSERT INTO SPECIALTY (DESCRIPTION) VALUES ('Government'); 
INSERT INTO SPECIALTY (DESCRIPTION) VALUES ('International');
INSERT INTO SPECIALTY (DESCRIPTION) VALUES ('Small disputes');
INSERT INTO SPECIALTY (DESCRIPTION) VALUES ('Theft'); 
INSERT INTO SPECIALTY (DESCRIPTION) VALUES ('Fraud'); 


INSERT INTO LAWYER_SPECIALTY (LAWYER_ID, SPECIALTY_ID) VALUES (1, 1);
INSERT INTO LAWYER_SPECIALTY (LAWYER_ID, SPECIALTY_ID) VALUES (2, 1);
INSERT INTO LAWYER_SPECIALTY (LAWYER_ID, SPECIALTY_ID) VALUES (2, 3); 
INSERT INTO LAWYER_SPECIALTY (LAWYER_ID, SPECIALTY_ID) VALUES (3, 2);
INSERT INTO LAWYER_SPECIALTY (LAWYER_ID, SPECIALTY_ID) VALUES (4, 5);
INSERT INTO LAWYER_SPECIALTY (LAWYER_ID, SPECIALTY_ID) VALUES (5, 7); 
INSERT INTO LAWYER_SPECIALTY (LAWYER_ID, SPECIALTY_ID) VALUES (6, 9);
INSERT INTO LAWYER_SPECIALTY (LAWYER_ID, SPECIALTY_ID) VALUES (7, 5);
INSERT INTO LAWYER_SPECIALTY (LAWYER_ID, SPECIALTY_ID) VALUES (8, 2); 
INSERT INTO LAWYER_SPECIALTY (LAWYER_ID, SPECIALTY_ID) VALUES (9, 10);
INSERT INTO LAWYER_SPECIALTY (LAWYER_ID, SPECIALTY_ID) VALUES (10, 11);
INSERT INTO LAWYER_SPECIALTY (LAWYER_ID, SPECIALTY_ID) VALUES (12, 8); 
INSERT INTO LAWYER_SPECIALTY (LAWYER_ID, SPECIALTY_ID) VALUES (13, 9);

INSERT INTO CLIENT (CLIENT_NAME, STREET_ADDRESS, CITY, STATE, ZIPCODE) VALUES ('Samsung', '8764 Seaseme Street', 'New York City', 'New York', '87654'); 
INSERT INTO CLIENT (CLIENT_NAME, STREET_ADDRESS, CITY, STATE, ZIPCODE) VALUES ('Summers', '3723 Mark Street', 'Las Vegas', 'Nevada', '98764'); 
INSERT INTO CLIENT (CLIENT_NAME, STREET_ADDRESS, CITY, STATE, ZIPCODE) VALUES ('Long', '9834 Dan Court', 'St. Louis', 'Missouri', '63184'); 
INSERT INTO CLIENT (CLIENT_NAME, STREET_ADDRESS, CITY, STATE, ZIPCODE) VALUES ('Corelone', '9875 Merry Street', 'Housten', 'Texas', '87653');
INSERT INTO CLIENT (CLIENT_NAME, STREET_ADDRESS, CITY, STATE, ZIPCODE) VALUES ('Apple', '8736 Malibu Lane', 'Los Angelous', 'California', '98743'); 
INSERT INTO CLIENT (CLIENT_NAME, STREET_ADDRESS, CITY, STATE, ZIPCODE) VALUES ('Epic Games', '8623 63rd Street', 'New York City', 'New York', '87473'); 
INSERT INTO CLIENT (CLIENT_NAME, STREET_ADDRESS, CITY, STATE, ZIPCODE) VALUES ('Equifax', '9874 Telegraph Road', 'St. Louis', 'Missouri', '63184'); 
INSERT INTO CLIENT (CLIENT_NAME, STREET_ADDRESS, CITY, STATE, ZIPCODE) VALUES ('Harvard', '8743 Danny Street', 'Cambridge', 'Massachusetts', '43253'); 
INSERT INTO CLIENT (CLIENT_NAME, STREET_ADDRESS, CITY, STATE, ZIPCODE) VALUES ('State of California', '8732 Rick Lane', 'San Diego', 'California', '89321'); 
INSERT INTO CLIENT (CLIENT_NAME, STREET_ADDRESS, CITY, STATE, ZIPCODE) VALUES ('Tesla', '9821 Cherokee Street', 'Housten', 'Texas', '98432'); 

INSERT INTO CONTACT (CLIENT_ID, FIRST_NAME, LAST_NAME) VALUES (1, 'Daniel', 'Repends'); 
INSERT INTO CONTACT (CLIENT_ID, FIRST_NAME, LAST_NAME) VALUES (2, 'Mandy', 'Summers'); 
INSERT INTO CONTACT (CLIENT_ID, FIRST_NAME, LAST_NAME) VALUES (3, 'Micheal', 'Corelone'); 
INSERT INTO CONTACT (CLIENT_ID, FIRST_NAME, LAST_NAME) VALUES (4, 'Max', 'Stewart'); 
INSERT INTO CONTACT (CLIENT_ID, FIRST_NAME, LAST_NAME) VALUES (5, 'Leonard', 'Maxwell'); 
INSERT INTO CONTACT (CLIENT_ID, FIRST_NAME, LAST_NAME) VALUES (6, 'Mary', 'Light'); 
INSERT INTO CONTACT (CLIENT_ID, FIRST_NAME, LAST_NAME) VALUES (7, 'Tiffany', 'Danders'); 
INSERT INTO CONTACT (CLIENT_ID, FIRST_NAME, LAST_NAME) VALUES (8, 'Delilah', 'Aswell'); 
INSERT INTO CONTACT (CLIENT_ID, FIRST_NAME, LAST_NAME) VALUES (9, 'Robert', 'Kellog'); 
INSERT INTO CONTACT (CLIENT_ID, FIRST_NAME, LAST_NAME) VALUES (10, 'Elon', 'Musk'); 

INSERT INTO PHONE (CONTACT_ID, PHONE_TYPE, PHONE_NUMBER) VALUES (1, 'Mobile', '937-234-9754');
INSERT INTO PHONE (CONTACT_ID, PHONE_TYPE, PHONE_NUMBER) VALUES (2, 'Mobile', '523-532-8321'); 
INSERT INTO PHONE (CONTACT_ID, PHONE_TYPE, PHONE_NUMBER) VALUES (3, 'Home', '632-732-1234');
INSERT INTO PHONE (CONTACT_ID, PHONE_TYPE, PHONE_NUMBER) VALUES (4, 'Work', '123-532-9312'); 
INSERT INTO PHONE (CONTACT_ID, PHONE_TYPE, PHONE_NUMBER) VALUES (5, 'Work', '972-125-2381');
INSERT INTO PHONE (CONTACT_ID, PHONE_TYPE, PHONE_NUMBER) VALUES (6, 'Mobile', '548-238-2134'); 
INSERT INTO PHONE (CONTACT_ID, PHONE_TYPE, PHONE_NUMBER) VALUES (7, 'Home', '156-984-7432');
INSERT INTO PHONE (CONTACT_ID, PHONE_TYPE, PHONE_NUMBER) VALUES (8, 'Mobile', '184-374-2874');
INSERT INTO PHONE (CONTACT_ID, PHONE_TYPE, PHONE_NUMBER) VALUES (9, 'Home', '753-234-8534');
INSERT INTO PHONE (CONTACT_ID, PHONE_TYPE, PHONE_NUMBER) VALUES (10, 'Home', '842-238-9743');

INSERT INTO CASES (PRIMARY_LAWYER_ID, DESCRIPTION, TOTAL_COST, BEGIN_DATE, REQUIRED_COMPLETION_DATE, CLOSE_DATE) 
VALUES (1, 'Case may be dismissed', 1000000, TO_DATE('11-16-2018', 'mm-dd-yyyy'), TO_DATE('7-18-2021', 'mm-dd-yyyy'), TO_DATE('5-16-2021', 'mm-dd-yyyy'));
INSERT INTO CASES (PRIMARY_LAWYER_ID, DESCRIPTION, TOTAL_COST, BEGIN_DATE, REQUIRED_COMPLETION_DATE, CLOSE_DATE) 
VALUES (2, 'Case Apple v. Epic', 10000000, TO_DATE('6-9-2020', 'mm-dd-yyyy'), TO_DATE('2-12-2023', 'mm-dd-yyyy'), TO_DATE('9-22-2022', 'mm-dd-yyyy'));
INSERT INTO CASES (PRIMARY_LAWYER_ID, DESCRIPTION, TOTAL_COST, BEGIN_DATE, REQUIRED_COMPLETION_DATE, CLOSE_DATE) 
VALUES (3, 'Case of Land v. Soundern in discovery', 9840000, TO_DATE('6-9-2020', 'mm-dd-yyyy'), TO_DATE('5-7-2022', 'mm-dd-yyyy'), TO_DATE('11-28-2021', 'mm-dd-yyyy')); 
INSERT INTO CASES (PRIMARY_LAWYER_ID, DESCRIPTION, TOTAL_COST, BEGIN_DATE, REQUIRED_COMPLETION_DATE, CLOSE_DATE) 
VALUES (3, 'Case Pharma v. State of California', 30021, TO_DATE('2-12-2019', 'mm-dd-yyyy'), TO_DATE('3-8-2023', 'mm-dd-yyyy'), NULL); 
INSERT INTO CASES (PRIMARY_LAWYER_ID, DESCRIPTION, TOTAL_COST, BEGIN_DATE, REQUIRED_COMPLETION_DATE, CLOSE_DATE) 
VALUES (4, 'Case Brown v. State of New York', 843200, TO_DATE('2-25-2018', 'mm-dd-yyyy'), TO_DATE('12-18-2020', 'mm-dd-yyyy'), TO_DATE('8-17-2020', 'mm-dd-yyyy')); 
INSERT INTO CASES (PRIMARY_LAWYER_ID, DESCRIPTION, TOTAL_COST, BEGIN_DATE, REQUIRED_COMPLETION_DATE, CLOSE_DATE) 
VALUES (5, 'Case Daniel v. Samsung, case settled', 234200, TO_DATE('6-4-2017', 'mm-dd-yyyy'), TO_DATE('8-22-2020', 'mm-dd-yyyy'), TO_DATE('3-15-2020', 'mm-dd-yyyy')); 
INSERT INTO CASES (PRIMARY_LAWYER_ID, DESCRIPTION, TOTAL_COST, BEGIN_DATE, REQUIRED_COMPLETION_DATE, CLOSE_DATE) 
VALUES (6, 'Case Travis Scott v. City of Houston', 244200, TO_DATE('11-10-2021', 'mm-dd-yyyy'), TO_DATE('5-27-2022', 'mm-dd-yyyy'), NULL); 
INSERT INTO CASES (PRIMARY_LAWYER_ID, DESCRIPTION, TOTAL_COST, BEGIN_DATE, REQUIRED_COMPLETION_DATE, CLOSE_DATE) 
VALUES (7, 'Case Enron v. State of New York, closed', 72354200, TO_DATE('2-21-2008', 'mm-dd-yyyy'), TO_DATE('3-15-2012', 'mm-dd-yyyy'), TO_DATE('8-12-2011', 'mm-dd-yyyy')); 
INSERT INTO CASES (PRIMARY_LAWYER_ID, DESCRIPTION, TOTAL_COST, BEGIN_DATE, REQUIRED_COMPLETION_DATE, CLOSE_DATE) 
VALUES (8, 'Case Mars v. Neztle', 534200, TO_DATE('5-21-2019', 'mm-dd-yyyy'), TO_DATE('4-15-2021', 'mm-dd-yyyy'), TO_DATE('3-18-2021', 'mm-dd-yyyy'));
INSERT INTO CASES (PRIMARY_LAWYER_ID, DESCRIPTION, TOTAL_COST, BEGIN_DATE, REQUIRED_COMPLETION_DATE, CLOSE_DATE) 
VALUES (9, 'Case Lauren v. Paul, discovery', 23200, TO_DATE('1-11-2021', 'mm-dd-yyyy'), TO_DATE('2-3-2023', 'mm-dd-yyyy'), NULL); 

INSERT INTO CASE_CONTACT (CASE_ID, CONTACT_ID) VALUES (1, 3); 
INSERT INTO CASE_CONTACT (CASE_ID, CONTACT_ID) VALUES (1, 9); 
INSERT INTO CASE_CONTACT (CASE_ID, CONTACT_ID) VALUES (3, 2); 
INSERT INTO CASE_CONTACT (CASE_ID, CONTACT_ID) VALUES (3, 8);  
INSERT INTO CASE_CONTACT (CASE_ID, CONTACT_ID) VALUES (3, 6);  
INSERT INTO CASE_CONTACT (CASE_ID, CONTACT_ID) VALUES (2, 7); 
INSERT INTO CASE_CONTACT (CASE_ID, CONTACT_ID) VALUES (4, 8); 
INSERT INTO CASE_CONTACT (CASE_ID, CONTACT_ID) VALUES (4, 1); 
INSERT INTO CASE_CONTACT (CASE_ID, CONTACT_ID) VALUES (6, 10);  
INSERT INTO CASE_CONTACT (CASE_ID, CONTACT_ID) VALUES (8, 4);  

INSERT INTO LOGS(LAWYER_ID, CASE_ID, LOG_DATE, TIME_SPENT, WORK_DONE) VALUES (1, 3, TO_DATE('2-25-2020', 'mm-dd-yyyy'), 2, 'Motion to dismissed written and filed');
INSERT INTO LOGS(LAWYER_ID, CASE_ID, LOG_DATE, TIME_SPENT, WORK_DONE) VALUES (3, 2, TO_DATE('1-12-2021', 'mm-dd-yyyy'), 3, 'Motion for discovery filed'); 
INSERT INTO LOGS(LAWYER_ID, CASE_ID, LOG_DATE, TIME_SPENT, WORK_DONE) VALUES (3, 4, TO_DATE('7-7-2019', 'mm-dd-yyyy'), 1, 'Judge ordered ruling');
INSERT INTO LOGS(LAWYER_ID, CASE_ID, LOG_DATE, TIME_SPENT, WORK_DONE) VALUES (5, 8, TO_DATE('9-6-2018', 'mm-dd-yyyy'), 5, 'Motion for discovery filed'); 
INSERT INTO LOGS(LAWYER_ID, CASE_ID, LOG_DATE, TIME_SPENT, WORK_DONE) VALUES (6, 7, TO_DATE('1-8-2020', 'mm-dd-yyyy'), 8, 'Defendant ordered plea deal');
INSERT INTO LOGS(LAWYER_ID, CASE_ID, LOG_DATE, TIME_SPENT, WORK_DONE) VALUES (2, 8, TO_DATE('7-5-2021', 'mm-dd-yyyy'), 3, 'Case dismissed'); 
INSERT INTO LOGS(LAWYER_ID, CASE_ID, LOG_DATE, TIME_SPENT, WORK_DONE) VALUES (6, 2, TO_DATE('7-7-2020', 'mm-dd-yyyy'), 2, 'Jury decided on verdict');
INSERT INTO LOGS(LAWYER_ID, CASE_ID, LOG_DATE, TIME_SPENT, WORK_DONE) VALUES (4, 2, TO_DATE('6-1-2019', 'mm-dd-yyyy'), 4, 'Motion for discovery filed'); 
INSERT INTO LOGS(LAWYER_ID, CASE_ID, LOG_DATE, TIME_SPENT, WORK_DONE) VALUES (8, 6, TO_DATE('4-25-2021', 'mm-dd-yyyy'), 3, 'Jury decided on verdict');
INSERT INTO LOGS(LAWYER_ID, CASE_ID, LOG_DATE, TIME_SPENT, WORK_DONE) VALUES (9, 7, TO_DATE('8-28-2020', 'mm-dd-yyyy'), 1, 'Court ordered to be on Zoom');  

INSERT INTO CALENDAR(LAWYER_ID, CONTACT_ID, DATE_TIME, DURATION, PURPOSE) VALUES (1, 2, TO_DATE('2-12-2020 8:30 AM', 'mm-dd-yyyy HH:MI AM'), 4, 'Discussed discovery details');
INSERT INTO CALENDAR(LAWYER_ID, CONTACT_ID, DATE_TIME, DURATION, PURPOSE) VALUES (3, 5, TO_DATE('6-5-2021 12:25 PM', 'mm-dd-yyyy HH:MI PM'), 2, 'Negotiated on settlement');
INSERT INTO CALENDAR(LAWYER_ID, CONTACT_ID, DATE_TIME, DURATION, PURPOSE) VALUES (4, 7, TO_DATE('11-17-2020 11:45 AM', 'mm-dd-yyyy HH:MI AM'), 3, 'Discussed defense details');
INSERT INTO CALENDAR(LAWYER_ID, CONTACT_ID, DATE_TIME, DURATION, PURPOSE) VALUES (6, 8, TO_DATE('6-5-2021 2:25 PM', 'mm-dd-yyyy HH:MI PM'), 1, 'Discussed charges for client');
INSERT INTO CALENDAR(LAWYER_ID, CONTACT_ID, DATE_TIME, DURATION, PURPOSE) VALUES (4, 3, TO_DATE('7-11-2019 4:20 PM', 'mm-dd-yyyy HH:MI PM'), 2, 'Discussed charges');
INSERT INTO CALENDAR(LAWYER_ID, CONTACT_ID, DATE_TIME, DURATION, PURPOSE) VALUES (7, 3, TO_DATE('6-8-2020 6:0 PM', 'mm-dd-yyyy HH:MI PM'), 4, 'Met with HR to discuss NDAs');
INSERT INTO CALENDAR(LAWYER_ID, CONTACT_ID, DATE_TIME, DURATION, PURPOSE) VALUES (8, 2, TO_DATE('11-17-2020 7:45 PM', 'mm-dd-yyyy HH:MI PM'), 2, 'Planned discovery');
INSERT INTO CALENDAR(LAWYER_ID, CONTACT_ID, DATE_TIME, DURATION, PURPOSE) VALUES (9, 3, TO_DATE('6-5-2021 2:22 PM', 'mm-dd-yyyy HH:MI PM'), 3, 'Explained charges');
INSERT INTO CALENDAR(LAWYER_ID, CONTACT_ID, DATE_TIME, DURATION, PURPOSE) VALUES (2, 6, TO_DATE('8-1-2021 9:15 AM', 'mm-dd-yyyy HH:MI AM'), 3, 'Planned charges');
INSERT INTO CALENDAR(LAWYER_ID, CONTACT_ID, DATE_TIME, DURATION, PURPOSE) VALUES (2, 4, TO_DATE('6-6-2021 12:22 PM', 'mm-dd-yyyy HH:MI PM'), 3, 'Negotiated plea');
COMMIT;